<eyeDock>
	<bottom>
		<left-id>5</left-id>
		<right-id>5</right-id>
		<show>1</show>
		<left>
			<element-1>
				<hideImage>0</hideImage>
				<hideText>1</hideText>
				<image>index.php?version=EXTERN_CACHE_VERSION&amp;theme=1&amp;extern=icons/22x22/show_desktop.png</image>
				<text>Show Desktop</text>
				<type>showdesktop</type>
			</element-1>
			<element-2>
				<command>eyeApps.app Widgets</command>
				<hideText>1</hideText>
				<image>index.php?version=EXTERN_CACHE_VERSION&amp;theme=1&amp;extern=icons/22x22/desktop_widgets.png</image>
				<text>Manage Widgets</text>
				<type>icon</type>
			</element-2>
			<element-3>
				<type>line</type>
			</element-3>
			<element-4>
				<type>taskbar</type>
			</element-4>
		</left>
		<right>
			<element-1>
				<format>%d/%m &amp;nbsp; %H:%i</format>
				<hideImage>1</hideImage>
				<hideText>0</hideText>
				<image>index.php?version=EXTERN_CACHE_VERSION&amp;theme=1&amp;extern=icons/22x22/exec.png</image>
				<type>datetime</type>
			</element-1>
			<element-2>
				<type>line</type>
			</element-2>
			<element-3>
				<hideImage>0</hideImage>
				<hideText>1</hideText>
				<image>index.php?version=EXTERN_CACHE_VERSION&amp;theme=1&amp;extern=icons/22x22/go_logo.png</image>
				<text>System</text>
				<type>menu</type>
				<entries>
					<entry-1>
						<command>eyeControl.app</command>
						<hideImage>0</hideImage>
						<hideText>0</hideText>
						<image>index.php?version=EXTERN_CACHE_VERSION&amp;theme=1&amp;extern=icons/22x22/preferences.png</image>
						<text>System Preferences</text>
						<type>icon</type>
					</entry-1>
					<entry-2>
						<command>eyeApps.app</command>
						<hideImage>0</hideImage>
						<hideText>0</hideText>
						<image>index.php?version=EXTERN_CACHE_VERSION&amp;theme=1&amp;extern=icons/22x22/apps.png</image>
						<text>Applications</text>
						<type>icon</type>
					</entry-2>
					<entry-3>
						<command>eyeInfo.app</command>
						<hideImage>0</hideImage>
						<hideText>0</hideText>
						<image>index.php?version=EXTERN_CACHE_VERSION&amp;theme=1&amp;extern=icons/22x22/info.png</image>
						<text>About eyeOS</text>
						<type>icon</type>
					</entry-3>
					<entry-4>
						<command>eyeLaunch.app</command>
						<hideImage>0</hideImage>
						<hideText>0</hideText>
						<image>index.php?version=EXTERN_CACHE_VERSION&amp;theme=1&amp;extern=icons/22x22/launch.png</image>
						<text>Launch App</text>
						<type>icon</type>
					</entry-4>
					<entry-5>
						<command>exit.app</command>
						<hideImage>0</hideImage>
						<hideText>0</hideText>
						<image>index.php?version=EXTERN_CACHE_VERSION&amp;theme=1&amp;extern=icons/22x22/exit.png</image>
						<text>Close Session</text>
						<type>icon</type>
					</entry-5>
				</entries>
				<entries-id>6</entries-id>
			</element-3>
			<element-4>
				<type>line</type>
			</element-4>
		</right>
	</bottom>
	<left>
		<top-id>1</top-id>
		<show>0</show>
		<top></top>
	</left>
	<right>
		<top-id>1</top-id>
		<show>0</show>
		<top></top>
	</right>
	<top>
		<left-id>14</left-id>
		<right-id>3</right-id>
		<show>1</show>
		<left>
			<element-1>
				<hideImage>0</hideImage>
				<hideText>0</hideText>
				<image>index.php?version=EXTERN_CACHE_VERSION&amp;theme=1&amp;extern=icons/22x22/office.png</image>
				<text>Office</text>
				<title>Office</title>
				<type>menu</type>
				<entries>
					<entry-1>
						<command>eyeFiles.app</command>
						<hideImage>0</hideImage>
						<hideText>0</hideText>
						<image>index.php?version=EXTERN_CACHE_VERSION&amp;theme=1&amp;extern=icons/22x22/eyeFiles.png</image>
						<text>File Manager</text>
						<type>icon</type>
					</entry-1>
					<entry-2>
						<command>eyeDocs.app</command>
						<hideImage>0</hideImage>
						<hideText>0</hideText>
						<image>index.php?version=EXTERN_CACHE_VERSION&amp;theme=1&amp;extern=icons/22x22/eyeDocs.png</image>
						<text>Word Processor</text>
						<type>icon</type>
					</entry-2>
					<entry-3>
						<command>eyeSheets.app</command>
						<hideImage>0</hideImage>
						<hideText>0</hideText>
						<image>index.php?version=EXTERN_CACHE_VERSION&amp;theme=1&amp;extern=icons/22x22/eyeSheets.png</image>
						<text>Spreadsheet</text>
						<type>icon</type>
					</entry-3>
					<entry-4>
						<command>eyeShow.app</command>
						<hideImage>0</hideImage>
						<hideText>0</hideText>
						<image>index.php?version=EXTERN_CACHE_VERSION&amp;theme=1&amp;extern=icons/22x22/eyeShow.png</image>
						<text>Presentation</text>
						<type>icon</type>
					</entry-4>
					<entry-5>
						<command>eyeMail.app</command>
						<hideImage>0</hideImage>
						<hideText>0</hideText>
						<image>index.php?version=EXTERN_CACHE_VERSION&amp;theme=1&amp;extern=icons/22x22/eyeMail.png</image>
						<text>Mail Client</text>
						<type>icon</type>
					</entry-5>
					<entry-6>
						<command>eyeCalendar.app</command>
						<hideImage>0</hideImage>
						<hideText>0</hideText>
						<image>index.php?version=EXTERN_CACHE_VERSION&amp;theme=1&amp;extern=icons/22x22/eyeCalendar.png</image>
						<text>Calendar</text>
						<type>icon</type>
					</entry-6>
					<entry-7>
						<command>eyeContacts.app</command>
						<hideImage>0</hideImage>
						<hideText>0</hideText>
						<image>index.php?version=EXTERN_CACHE_VERSION&amp;theme=1&amp;extern=icons/22x22/eyeContacts.png</image>
						<text>Contact Manager</text>
						<type>icon</type>
					</entry-7>
				</entries>
				<entries-id>8</entries-id>
			</element-1>
			<element-2>
				<type>line</type>
			</element-2>
			<element-3>
				<hideImage>0</hideImage>
				<hideText>0</hideText>
				<image>index.php?version=EXTERN_CACHE_VERSION&amp;theme=1&amp;extern=icons/22x22/network.png</image>
				<text>Network</text>
				<title>Network</title>
				<type>menu</type>
				<entries>
					<entry-1>
						<command>eyeBoard.app</command>
						<hideImage>0</hideImage>
						<hideText>0</hideText>
						<image>index.php?version=EXTERN_CACHE_VERSION&amp;theme=1&amp;extern=icons/22x22/eyeBoard.png</image>
						<text>Public Board</text>
						<type>icon</type>
					</entry-1>
					<entry-2>
						<command>eyeFTP.app</command>
						<hideImage>0</hideImage>
						<hideText>0</hideText>
						<image>index.php?version=EXTERN_CACHE_VERSION&amp;theme=1&amp;extern=icons/22x22/eyeFTP.png</image>
						<text>FTP Client</text>
						<type>icon</type>
					</entry-2>
					<entry-3>
						<command>eyeMessages.app</command>
						<hideImage>0</hideImage>
						<hideText>0</hideText>
						<image>index.php?version=EXTERN_CACHE_VERSION&amp;theme=1&amp;extern=icons/22x22/eyeMessages.png</image>
						<text>Internal Messaging</text>
						<type>icon</type>
					</entry-3>
					<entry-4>
						<command>eyeNav.app</command>
						<hideImage>0</hideImage>
						<hideText>0</hideText>
						<image>index.php?version=EXTERN_CACHE_VERSION&amp;theme=1&amp;extern=icons/22x22/eyeNav.png</image>
						<text>Navigator</text>
						<type>icon</type>
					</entry-4>
					<entry-5>
						<command>eyeFeeds.app</command>
						<hideImage>0</hideImage>
						<hideText>0</hideText>
						<image>index.php?version=EXTERN_CACHE_VERSION&amp;theme=1&amp;extern=icons/22x22/eyeFeeds.png</image>
						<text>RSS Feed Reader</text>
						<type>icon</type>
					</entry-5>
				</entries>
				<entries-id>6</entries-id>
			</element-3>
			<element-4>
				<type>line</type>
			</element-4>
			<element-5>
				<hideImage>0</hideImage>
				<hideText>0</hideText>
				<image>index.php?version=EXTERN_CACHE_VERSION&amp;theme=1&amp;extern=icons/22x22/accesories.png</image>
				<text>Accessories</text>
				<type>menu</type>
				<entries>
					<entry-1>
						<command>eyeCalc.app</command>
						<hideImage>0</hideImage>
						<hideText>0</hideText>
						<image>index.php?version=EXTERN_CACHE_VERSION&amp;theme=1&amp;extern=icons/22x22/eyeCalc.png</image>
						<text>Calculator</text>
						<type>icon</type>
					</entry-1>
					<entry-2>
						<command>eyeNotes.app</command>
						<hideImage>0</hideImage>
						<hideText>0</hideText>
						<image>index.php?version=EXTERN_CACHE_VERSION&amp;theme=1&amp;extern=icons/22x22/eyeNotes.png</image>
						<text>Text Editor</text>
						<type>icon</type>
					</entry-2>
					<entry-3>
						<command>eyeProcess.app</command>
						<hideImage>0</hideImage>
						<hideText>0</hideText>
						<image>index.php?version=EXTERN_CACHE_VERSION&amp;theme=1&amp;extern=icons/22x22/eyeProcess.png</image>
						<text>Process Manager</text>
						<type>icon</type>
					</entry-3>
				</entries>
				<entries-id>4</entries-id>
			</element-5>
			<element-6>
				<type>line</type>
			</element-6>
			<element-7>
				<hideImage>0</hideImage>
				<hideText>0</hideText>
				<image>index.php?version=EXTERN_CACHE_VERSION&amp;theme=1&amp;extern=icons/22x22/games.png</image>
				<text>Games</text>
				<type>menu</type>
				<entries>
					<entry-1>
						<command>eyeChess.app</command>
						<hideImage>0</hideImage>
						<hideText>0</hideText>
						<image>index.php?version=EXTERN_CACHE_VERSION&amp;theme=1&amp;extern=icons/22x22/eyeChess.png</image>
						<text>Chess Game</text>
						<type>icon</type>
					</entry-1>
					<entry-2>
						<command>eyeTetravex.app</command>
						<hideImage>0</hideImage>
						<hideText>0</hideText>
						<image>index.php?version=EXTERN_CACHE_VERSION&amp;theme=1&amp;extern=icons/22x22/eyeTetravex.png</image>
						<text>Tetravex Game</text>
						<type>icon</type>
					</entry-2>
					<entry-3>
						<command>eyeCatch.app</command>
						<hideImage>0</hideImage>
						<hideText>0</hideText>
						<image>index.php?version=EXTERN_CACHE_VERSION&amp;theme=1&amp;extern=icons/22x22/eyeCatch.png</image>
						<text>Catching Game</text>
						<type>icon</type>
					</entry-3>
				</entries>
				<entries-id>4</entries-id>
			</element-7>
			<element-8>
				<type>line</type>
			</element-8>
			<element-9>
				<command>eyeFiles.app</command>
				<hideImage>0</hideImage>
				<hideText>1</hideText>
				<image>index.php?version=EXTERN_CACHE_VERSION&amp;theme=1&amp;extern=icons/22x22/eyeFiles.png</image>
				<text>File Manager</text>
				<type>icon</type>
			</element-9>
			<element-10>
				<command>eyeDocs.app</command>
				<hideImage>0</hideImage>
				<hideText>1</hideText>
				<image>index.php?version=EXTERN_CACHE_VERSION&amp;theme=1&amp;extern=icons/22x22/eyeDocs.png</image>
				<text>Word Processor</text>
				<type>icon</type>
			</element-10>
			<element-11>
				<command>eyeShow.app</command>
				<hideImage>0</hideImage>
				<hideText>1</hideText>
				<image>index.php?version=EXTERN_CACHE_VERSION&amp;theme=1&amp;extern=icons/22x22/eyeShow.png</image>
				<text>Presentation</text>
				<type>icon</type>
			</element-11>
			<element-12>
				<command>eyeMessages.app</command>
				<hideImage>0</hideImage>
				<hideText>1</hideText>
				<image>index.php?version=EXTERN_CACHE_VERSION&amp;theme=1&amp;extern=icons/22x22/eyeMessages.png</image>
				<text>Internal Messaging</text>
				<type>icon</type>
			</element-12>
			<element-13>
				<command>eyeCalendar.app</command>
				<hideImage>0</hideImage>
				<hideText>1</hideText>
				<image>index.php?version=EXTERN_CACHE_VERSION&amp;theme=1&amp;extern=icons/22x22/eyeCalendar.png</image>
				<text>Calendar</text>
				<type>icon</type>
			</element-13>
		</left>
		<right>
			<element-1>
				<command>exit.app</command>
				<hideImage>0</hideImage>
				<hideText>0</hideText>
				<image>index.php?version=EXTERN_CACHE_VERSION&amp;theme=1&amp;extern=icons/22x22/exit.png</image>
				<text>Close Session</text>
				<type>icon</type>
			</element-1>
			<element-2>
				<type>line</type>
			</element-2>
		</right>
	</top>
</eyeDock>