<mimeTypes>
	<mime>
		<type>video</type>
		<extension>avi</extension>
	</mime>
	<mime>
		<type>video</type>
		<extension>divx</extension>
	</mime>
	<mime>
		<type>video</type>
		<extension>mpg</extension>
	</mime>
	<mime>
		<type>video</type>
		<extension>mpeg</extension>
	</mime>
	<mime>
		<type>video</type>
		<extension>wmv</extension>
	</mime>
	<mime>
		<type>video</type>
		<extension>flv</extension>
	</mime>
	<mime>
		<type>video</type>
		<extension>mp4</extension>
	</mime>
	<mime>
		<type>text</type>
		<extension>txt</extension>
	</mime>
	<mime>
		<type>text</type>
		<extension>pl</extension>
	</mime>
	<mime>
		<type>text</type>
		<extension>c</extension>
	</mime>
	<mime>
		<type>text</type>
		<extension>cc</extension>
	</mime>
	<mime>
		<type>text</type>
		<extension>py</extension>
	</mime>
	<mime>
		<type>document</type>
		<extension>eyedoc</extension>
	</mime>
	<mime>
		<type>documentOffice</type>
		<extension>doc</extension>
	</mime>
	<mime>
		<type>documentOffice</type>
		<extension>odt</extension>
	</mime>
	<mime>
		<type>sheetOffice</type>
		<extension>ods</extension>
	</mime>
	<mime>
		<type>sheetOffice</type>
		<extension>xls</extension>
	</mime>
	<mime>
		<type>sheetOffice</type>
		<extension>csv</extension>
	</mime>
	<mime>
		<type>presentationOffice</type>
		<extension>ppt</extension>
	</mime>
	<mime>
		<type>presentationOffice</type>
		<extension>odp</extension>
	</mime>
	<mime>
		<type>sound</type>
		<extension>mp3</extension>
	</mime>
	<mime>
		<type>sound</type>
		<extension>mid</extension>
	</mime>
	<mime>
		<type>sound</type>
		<extension>wav</extension>
	</mime>
	<mime>
		<type>sound</type>
		<extension>ogg</extension>
	</mime>
	<mime>
		<type>source_php</type>
		<extension>php</extension>
	</mime>
	<mime>
		<type>source_cs</type>
		<extension>cs</extension>
	</mime>
	<mime>
		<type>source_css</type>
		<extension>css</extension>
	</mime>
	<mime>
		<type>source_html</type>
		<extension>htm</extension>
	</mime>
	<mime>
		<type>source_html</type>
		<extension>html</extension>
	</mime>
	<mime>
		<type>source_java</type>
		<extension>java</extension>
	</mime>
	<mime>
		<type>source_js</type>
		<extension>js</extension>
	</mime>
	<mime>
		<type>source_pl</type>
		<extension>pl</extension>
	</mime>
	<mime>
		<type>source_rb</type>
		<extension>rb</extension>
	</mime>
	<mime>
		<type>source_sql</type>
		<extension>sql</extension>
	</mime>
	<mime>
		<type>source_vbs</type>
		<extension>vbs</extension>
	</mime>
	<mime>
		<type>source_xsl</type>
		<extension>xsl</extension>
	</mime>
	<mime>
		<type>document</type>
		<extension>eyecode</extension>
	</mime>
	<mime>
		<type>pdf</type>
		<extension>pdf</extension>
	</mime>
	<mime>
		<type>ace</type>
		<extension>ace</extension>
	</mime>
	<mime>
		<type>rar</type>
		<extension>rar</extension>
	</mime>
	<mime>
		<type>zip</type>
		<extension>zip</extension>
	</mime>
	<mime>
		<type>tar</type>
		<extension>tgz</extension>
	</mime>
	<mime>
		<type>tar</type>
		<extension>tar</extension>
	</mime>
	<mime>
		<type>tar</type>
		<extension>gz</extension>
	</mime>
	<mime>
		<type>tar</type>
		<extension>tbz</extension>
	</mime>
	<mime>
		<type>tar</type>
		<extension>bz</extension>
	</mime>
	<mime>
		<type>tar</type>
		<extension>bz2</extension>
	</mime>
	<mime>
		<type>tar</type>
		<extension>eyepackage</extension>
	</mime>
	<mime>
		<type>tar</type>
		<extension>7z</extension>
	</mime>
	<mime>
		<type>image</type>
		<extension>png</extension>
	</mime>
	<mime>
		<type>image</type>
		<extension>jpg</extension>
	</mime>
	<mime>
		<type>image</type>
		<extension>jpeg</extension>
	</mime>
	<mime>
		<type>image</type>
		<extension>tiff</extension>
	</mime>
	<mime>
		<type>image</type>
		<extension>bmp</extension>
	</mime>
	<mime>
		<type>image</type>
		<extension>gif</extension>
	</mime>
	<mime>
		<type>vcard</type>
		<extension>vcf</extension>
	</mime>
	<mime>
		<type>link</type>
		<extension>swf</extension>
	</mime>
	<mime>
		<type>eyeProject</type>
		<extension>eyeproject</extension>
	</mime>
	<mime>
		<type>presentation</type>
		<extension>eyeshow</extension>
	</mime>
</mimeTypes>