<eyeNav>
	<home>http://eyeos.org/navigator/</home>
	<plugin>iframe</plugin>
	<sidebar>1</sidebar>
	<bookmarks>
		<title>Bookmarks</title>
		<bookmark>
			<id>1</id>
			<type>folder</type>
			<name>eyeos</name>
			<bookmark>
				<name>Website</name>
				<id>2</id>
				<url>http://eyeos.org/</url>
				<type>url</type>
			</bookmark>
			<bookmark>
				<name>Blog</name>
				<id>3</id>
				<url>http://blog.eyeos.org/</url>
				<type>url</type>
			</bookmark>
			<bookmark>
				<name>Forums</name>
				<id>4</id>
				<url>http://forums.eyeos.org/</url>
				<type>url</type>
			</bookmark>
			<bookmark>
				<name>Wiki</name>
				<id>5</id>
				<url>http://wiki.eyeos.org/</url>
				<type>url</type>
			</bookmark>
		</bookmark>
	</bookmarks>
	<searches>
		<title>Search</title>
		<default>http://google.com/search?q=%s</default>
		<category>
			<name>Internet</name>
			<link>
				<name>Google</name>
				<url>http://google.com/search?q=%s</url>
			</link>
			<link>
				<name>Live.com</name>
				<url>http://search.live.com/results.aspx?q=%s</url>
			</link>
		</category>
		<category>
			<name>Images</name>
			<link>
				<name>Google</name>
				<url>http://images.google.com/images?q=%s</url>
			</link>
			<link>
				<name>Live.com</name>
				<url>http://search.live.com/images/results.aspx?q=%s</url>
			</link>
			<link>
				<name>Flickr</name>
				<url>http://flickr.com/search/?q=%s</url>
			</link>
		</category>
		<category>
			<name>Knowledge</name>
			<link>
				<name>Wikipedia</name>
				<url>http://en.wikipedia.org/wiki/Special:Search?search=%s</url>
			</link>
			<link>
				<name>Wiktionary</name>
				<url>http://en.wiktionary.org/wiki/Special:Search?search=%s</url>
			</link>
		</category>
	</searches>
</eyeNav>